year,reference_code,local_reference,objectID,title,collection,collection_canonical,currency,price,price_eur,market,url,url_full
2026,CRWSPN0013,WSPN0013,CRWSPN0013,Montre Panthère De Cartier,Panthère de Cartier,Panthère,EUR,5000.0,5000.0,fr-fr,https://www.cartier.com/fr-fr/product/CRWSPN0013,https://www.cartier.com/fr-fr/product/CRWSPN0013
2026,CRWSTA0136,WSTA0136,CRWSTA0136,Montre Tank Must de Cartier,Tank,Tank,EUR,3750.0,3750.0,fr-fr,https://www.cartier.com/fr-fr/product/CRWSTA0136,https://www.cartier.com/fr-fr/product/CRWSTA0136
2026,CRWSSA0029,WSSA0029,CRWSSA0029,Montre Santos de Cartier,Santos de Cartier,Santos,EUR,8100.0,8100.0,fr-fr,https://www.cartier.com/fr-fr/product/CRWSSA0029,https://www.cartier.com/fr-fr/product/CRWSSA0029
2026,CRWGTA0352,WGTA0352,CRWGTA0352,Montre Tank Louis Cartier,Tank,Tank,EUR,8600.0,8600.0,fr-fr,https://www.cartier.com/fr-fr/product/CRWGTA0352,https://www.cartier.com/fr-fr/product/CRWGTA0352
2026,CRWGTA0357,WGTA0357,CRWGTA0357,Montre Tank Louis Cartier,Tank,Tank,EUR,16100.0,16100.0,fr-fr,https://www.cartier.com/fr-fr/product/CRWGTA0357,https://www.cartier.com/fr-fr/product/CRWGTA0357
2026,CRW2SA0033,W2SA0033,CRW2SA0033,Montre Santos de Cartier,Santos de Cartier,Santos,EUR,10800.0,10800.0,fr-fr,https://www.cartier.com/fr-fr/product/CRW2SA0033,https://www.cartier.com/fr-fr/product/CRW2SA0033
2026,CRWGBA0041,WGBA0041,CRWGBA0041,Montre Baignoire,Baignoire,Other,EUR,8850.0,8850.0,fr-fr,https://www.cartier.com/fr-fr/product/CRWGBA0041,https://www.cartier.com/fr-fr/product/CRWGBA0041
2026,CRW2PN0018,W2PN0018,CRW2PN0018,Montre Panthère de Cartier,Panthère de Cartier,Panthère,EUR,9550.0,9550.0,fr-fr,https://www.cartier.com/fr-fr/product/CRW2PN0018,https://www.cartier.com/fr-fr/product/CRW2PN0018
2026,CRWSSA0096,WSSA0096,CRWSSA0096,Montre Santos de Cartier,Santos de Cartier,Santos,EUR,8900.0,8900.0,fr-fr,https://www.cartier.com/fr-fr/product/CRWSSA0096,https://www.cartier.com/fr-fr/product/CRWSSA0096
2026,CRWSTA0107,WSTA0107,CRWSTA0107,Montre Tank Must de Cartier,Tank,Tank,EUR,3900.0,3900.0,fr-fr,https://www.cartier.com/fr-fr/product/CRWSTA0107,https://www.cartier.com/fr-fr/product/CRWSTA0107
2026,CRWGTA0211,WGTA0211,CRWGTA0211,Montre Tank Louis Cartier,Tank,Tank,EUR,14800.0,14800.0,fr-fr,https://www.cartier.com/fr-fr/product/CRWGTA0211,https://www.cartier.com/fr-fr/product/CRWGTA0211
2026,CRWSPN0012,WSPN0012,CRWSPN0012,Montre Panthère de Cartier,Panthère de Cartier,Panthère,EUR,4200.0,4200.0,fr-fr,https://www.cartier.com/fr-fr/product/CRWSPN0012,https://www.cartier.com/fr-fr/product/CRWSPN0012
2026,CRWGTA0346,WGTA0346,CRWGTA0346,Montre Tank Louis Cartier,Tank,Tank,EUR,16100.0,16100.0,fr-fr,https://www.cartier.com/fr-fr/product/CRWGTA0346,https://www.cartier.com/fr-fr/product/CRWGTA0346
2026,CRWSSA0082,WSSA0082,CRWSSA0082,Montre Santos de Cartier,Santos de Cartier,Santos,EUR,6550.0,6550.0,fr-fr,https://www.cartier.com/fr-fr/product/CRWSSA0082,https://www.cartier.com/fr-fr/product/CRWSSA0082
2026,CRW3PN0014,W3PN0014,CRW3PN0014,Montre Panthère de Cartier,Panthère de Cartier,Panthère,EUR,14400.0,14400.0,fr-fr,https://www.cartier.com/fr-fr/product/CRW3PN0014,https://www.cartier.com/fr-fr/product/CRW3PN0014
2026,CRWSSA0063,WSSA0063,CRWSSA0063,Montre Santos de Cartier,Santos de Cartier,Santos,EUR,8100.0,8100.0,fr-fr,https://www.cartier.com/fr-fr/product/CRWSSA0063,https://www.cartier.com/fr-fr/product/CRWSSA0063
2026,CRW4TA0031,W4TA0031,CRW4TA0031,Montre Tank Must de Cartier,Tank,Tank,EUR,6500.0,6500.0,fr-fr,https://www.cartier.com/fr-fr/product/CRW4TA0031,https://www.cartier.com/fr-fr/product/CRW4TA0031
2026,CRWSPN0015,WSPN0015,CRWSPN0015,Montre Panthère de Cartier,Panthère de Cartier,Panthère,EUR,5950.0,5950.0,fr-fr,https://www.cartier.com/fr-fr/product/CRWSPN0015,https://www.cartier.com/fr-fr/product/CRWSPN0015
2026,CRWGTA0342,WGTA0342,CRWGTA0342,Montre Tank Louis Cartier,Tank,Tank,EUR,11400.0,11400.0,fr-fr,https://www.cartier.com/fr-fr/product/CRWGTA0342,https://www.cartier.com/fr-fr/product/CRWGTA0342
2026,CRWSTA0121,WSTA0121,CRWSTA0121,Montre Tank Must SolarBeat™,Tank,Tank,EUR,3900.0,3900.0,fr-fr,https://www.cartier.com/fr-fr/product/CRWSTA0121,https://www.cartier.com/fr-fr/product/CRWSTA0121
2026,CRWSTA0135,WSTA0135,CRWSTA0135,Montre Tank Must de Cartier,Tank,Tank,EUR,3550.0,3550.0,fr-fr,https://www.cartier.com/fr-fr/product/CRWSTA0135,https://www.cartier.com/fr-fr/product/CRWSTA0135
2026,CRW4PN0016,W4PN0016,CRW4PN0016,Montre Panthère De Cartier PM,Panthère de Cartier,Panthère,EUR,9100.0,9100.0,fr-fr,https://www.cartier.com/fr-fr/product/CRW4PN0016,https://www.cartier.com/fr-fr/product/CRW4PN0016
2026,CRWGTA0303,WGTA0303,CRWGTA0303,Montre Tank Louis Cartier,Tank,Tank,EUR,20700.0,20700.0,fr-fr,https://www.cartier.com/fr-fr/product/CRWGTA0303,https://www.cartier.com/fr-fr/product/CRWGTA0303
2026,CRWSSA0076,WSSA0076,CRWSSA0076,Montre Santos de Cartier,Santos de Cartier,Santos,EUR,10500.0,10500.0,fr-fr,https://www.cartier.com/fr-fr/product/CRWSSA0076,https://www.cartier.com/fr-fr/product/CRWSSA0076
2026,CRWSSA0062,WSSA0062,CRWSSA0062,Montre Santos de Cartier,Santos de Cartier,Santos,EUR,8900.0,8900.0,fr-fr,https://www.cartier.com/fr-fr/product/CRWSSA0062,https://www.cartier.com/fr-fr/product/CRWSSA0062
2026,CRWSTA0129,WSTA0129,CRWSTA0129,Montre Tank Française,Tank,Tank,EUR,4200.0,4200.0,fr-fr,https://www.cartier.com/fr-fr/product/CRWSTA0129,https://www.cartier.com/fr-fr/product/CRWSTA0129
2026,CRWSTA0115,WSTA0115,CRWSTA0115,Montre Tank Must de Cartier,Tank,Tank,EUR,3900.0,3900.0,fr-fr,https://www.cartier.com/fr-fr/product/CRWSTA0115,https://www.cartier.com/fr-fr/product/CRWSTA0115
2026,CRWSTA0122,WSTA0122,CRWSTA0122,Montre Tank Must SolarBeat™,Tank,Tank,EUR,4150.0,4150.0,fr-fr,https://www.cartier.com/fr-fr/product/CRWSTA0122,https://www.cartier.com/fr-fr/product/CRWSTA0122
2026,CRWSTA0137,WSTA0137,CRWSTA0137,Montre Tank Must de Cartier,Tank,Tank,EUR,3550.0,3550.0,fr-fr,https://www.cartier.com/fr-fr/product/CRWSTA0137,https://www.cartier.com/fr-fr/product/CRWSTA0137
2026,CRWSTA0106,WSTA0106,CRWSTA0106,Montre Tank Must de Cartier,Tank,Tank,EUR,4150.0,4150.0,fr-fr,https://www.cartier.com/fr-fr/product/CRWSTA0106,https://www.cartier.com/fr-fr/product/CRWSTA0106
2026,CRWSTA0116,WSTA0116,CRWSTA0116,Montre Tank Américaine,Tank,Tank,EUR,3700.0,3700.0,fr-fr,https://www.cartier.com/fr-fr/product/CRWSTA0116,https://www.cartier.com/fr-fr/product/CRWSTA0116
2026,CRWSSA0089,WSSA0089,CRWSSA0089,Montre Santos de Cartier,Santos de Cartier,Santos,EUR,11300.0,11300.0,fr-fr,https://www.cartier.com/fr-fr/product/CRWSSA0089,https://www.cartier.com/fr-fr/product/CRWSSA0089
2026,CRWSTA0105,WSTA0105,CRWSTA0105,Montre Tank Française,Tank,Tank,EUR,5400.0,5400.0,fr-fr,https://www.cartier.com/fr-fr/product/CRWSTA0105,https://www.cartier.com/fr-fr/product/CRWSTA0105
2026,CRWSPN0016,WSPN0016,CRWSPN0016,Montre Panthère de Cartier,Panthère de Cartier,Panthère,EUR,6550.0,6550.0,fr-fr,https://www.cartier.com/fr-fr/product/CRWSPN0016,https://www.cartier.com/fr-fr/product/CRWSPN0016
2026,CRWSBB0062,WSBB0062,CRWSBB0062,Montre Ballon Bleu de Cartier,Ballon Bleu de Cartier,Ballon Bleu,EUR,6700.0,6700.0,fr-fr,https://www.cartier.com/fr-fr/product/CRWSBB0062,https://www.cartier.com/fr-fr/product/CRWSBB0062
2026,CRW4BB0021,W4BB0021,CRW4BB0021,Montre Ballon Bleu de Cartier,Ballon Bleu de Cartier,Ballon Bleu,EUR,8350.0,8350.0,fr-fr,https://www.cartier.com/fr-fr/product/CRW4BB0021,https://www.cartier.com/fr-fr/product/CRW4BB0021
2026,CRWGBA0040,WGBA0040,CRWGBA0040,Montre Baignoire,Baignoire,Other,EUR,8850.0,8850.0,fr-fr,https://www.cartier.com/fr-fr/product/CRWGBA0040,https://www.cartier.com/fr-fr/product/CRWGBA0040
2026,CRW2BB0037,W2BB0037,CRW2BB0037,Montre Ballon Bleu de Cartier,Ballon Bleu de Cartier,Ballon Bleu,EUR,10700.0,10700.0,fr-fr,https://www.cartier.com/fr-fr/product/CRW2BB0037,https://www.cartier.com/fr-fr/product/CRW2BB0037
2026,CRWGTA0353,WGTA0353,CRWGTA0353,Montre Tank Américaine,Tank,Tank,EUR,9150.0,9150.0,fr-fr,https://www.cartier.com/fr-fr/product/CRWGTA0353,https://www.cartier.com/fr-fr/product/CRWGTA0353
2026,CRW2PN0019,W2PN0019,CRW2PN0019,Montre Panthère de Cartier,Panthère de Cartier,Panthère,EUR,10800.0,10800.0,fr-fr,https://www.cartier.com/fr-fr/product/CRW2PN0019,https://www.cartier.com/fr-fr/product/CRW2PN0019
2026,CRW2SA0016,W2SA0016,CRW2SA0016,Montre Santos de Cartier,Santos de Cartier,Santos,EUR,12200.0,12200.0,fr-fr,https://www.cartier.com/fr-fr/product/CRW2SA0016,https://www.cartier.com/fr-fr/product/CRW2SA0016
2026,CRWGTA0343,WGTA0343,CRWGTA0343,Montre Tank Louis Cartier,Tank,Tank,EUR,12900.0,12900.0,fr-fr,https://www.cartier.com/fr-fr/product/CRWGTA0343,https://www.cartier.com/fr-fr/product/CRWGTA0343
2026,CRWGBA0025,WGBA0025,CRWGBA0025,Montre Baignoire,Baignoire,Other,EUR,21000.0,21000.0,fr-fr,https://www.cartier.com/fr-fr/product/CRWGBA0025,https://www.cartier.com/fr-fr/product/CRWGBA0025
2026,CRWJTA0062,WJTA0062,CRWJTA0062,Montre Tank Française,Tank,Tank,EUR,32800.0,32800.0,fr-fr,https://www.cartier.com/fr-fr/product/CRWJTA0062,https://www.cartier.com/fr-fr/product/CRWJTA0062
2026,CRW3PN0015,W3PN0015,CRW3PN0015,Montre Panthère de Cartier,Panthère de Cartier,Panthère,EUR,16100.0,16100.0,fr-fr,https://www.cartier.com/fr-fr/product/CRW3PN0015,https://www.cartier.com/fr-fr/product/CRW3PN0015
2026,CRW2SA0038,W2SA0038,CRW2SA0038,Montre Santos-Dumont,Santos de Cartier,Santos,EUR,6750.0,6750.0,fr-fr,https://www.cartier.com/fr-fr/product/CRW2SA0038,https://www.cartier.com/fr-fr/product/CRW2SA0038
2026,CRWJPN0093,WJPN0093,CRWJPN0093,Montre Panthère de Cartier,Panthère de Cartier,Panthère,EUR,37700.0,37700.0,fr-fr,https://www.cartier.com/fr-fr/product/CRWJPN0093,https://www.cartier.com/fr-fr/product/CRWJPN0093
2026,CRWGTA0011,WGTA0011,CRWGTA0011,Montre Tank Louis Cartier,Tank,Tank,EUR,14600.0,14600.0,fr-fr,https://www.cartier.com/fr-fr/product/CRWGTA0011,https://www.cartier.com/fr-fr/product/CRWGTA0011
2026,CRWGTA0010,WGTA0010,CRWGTA0010,Montre Tank Louis Cartier,Tank,Tank,EUR,13100.0,13100.0,fr-fr,https://www.cartier.com/fr-fr/product/CRWGTA0010,https://www.cartier.com/fr-fr/product/CRWGTA0010
2026,CRHPI01777,HPI01777,CRHPI01777,Montre Joaillière Panthère,Panthère Jewelry Watches,Panthère,EUR,278000.0,278000.0,fr-fr,https://www.cartier.com/fr-fr/product/CRHPI01777,https://www.cartier.com/fr-fr/product/CRHPI01777
2026,CRWGMC0004,WGMC0004,CRWGMC0004,Montre Reflection de Cartier,Reflection de Cartier,Other,EUR,,,fr-fr,https://www.cartier.com/fr-fr/product/CRWGMC0004,https://www.cartier.com/fr-fr/product/CRWGMC0004
2026,CRWGTA0344,WGTA0344,CRWGTA0344,Montre Tank Française,Tank,Tank,EUR,25700.0,25700.0,fr-fr,https://www.cartier.com/fr-fr/product/CRWGTA0344,https://www.cartier.com/fr-fr/product/CRWGTA0344
2026,CRWSTA0053,WSTA0053,CRWSTA0053,Montre Tank Must,Tank,Tank,EUR,5800.0,5800.0,fr-fr,https://www.cartier.com/fr-fr/product/CRWSTA0053,https://www.cartier.com/fr-fr/product/CRWSTA0053
2026,CRW2SA0009,W2SA0009,CRW2SA0009,Montre Santos de Cartier,Santos de Cartier,Santos,EUR,13500.0,13500.0,fr-fr,https://www.cartier.com/fr-fr/product/CRW2SA0009,https://www.cartier.com/fr-fr/product/CRW2SA0009
2026,CRWJTA0058,WJTA0058,CRWJTA0058,Montre Tank Américaine,Tank,Tank,EUR,17300.0,17300.0,fr-fr,https://www.cartier.com/fr-fr/product/CRWJTA0058,https://www.cartier.com/fr-fr/product/CRWJTA0058
2026,CRWSBB0044,WSBB0044,CRWSBB0044,Montre Ballon Bleu de Cartier,Ballon Bleu de Cartier,Ballon Bleu,EUR,6700.0,6700.0,fr-fr,https://www.cartier.com/fr-fr/product/CRWSBB0044,https://www.cartier.com/fr-fr/product/CRWSBB0044
2026,CRWSSA0086,WSSA0086,CRWSSA0086,Montre Santos-Dumont,Santos de Cartier,Santos,EUR,4700.0,4700.0,fr-fr,https://www.cartier.com/fr-fr/product/CRWSSA0086,https://www.cartier.com/fr-fr/product/CRWSSA0086
2026,CRWSTA0067,WSTA0067,CRWSTA0067,Montre Tank Française,Tank,Tank,EUR,6600.0,6600.0,fr-fr,https://www.cartier.com/fr-fr/product/CRWSTA0067,https://www.cartier.com/fr-fr/product/CRWSTA0067
2026,CRWSSA0071,WSSA0071,CRWSSA0071,Montre Santos de Cartier,Santos de Cartier,Santos,EUR,8900.0,8900.0,fr-fr,https://www.cartier.com/fr-fr/product/CRWSSA0071,https://www.cartier.com/fr-fr/product/CRWSSA0071
2026,CRWSTA0117,WSTA0117,CRWSTA0117,Montre Tank Américaine,Tank,Tank,EUR,4350.0,4350.0,fr-fr,https://www.cartier.com/fr-fr/product/CRWSTA0117,https://www.cartier.com/fr-fr/product/CRWSTA0117
2026,CRWSSA0037,WSSA0037,CRWSSA0037,Montre Santos de Cartier,Santos de Cartier,Santos,EUR,9250.0,9250.0,fr-fr,https://www.cartier.com/fr-fr/product/CRWSSA0037,https://www.cartier.com/fr-fr/product/CRWSSA0037
2026,CRWSBB0030,WSBB0030,CRWSBB0030,Montre Ballon Bleu de Cartier,Ballon Bleu de Cartier,Ballon Bleu,EUR,6250.0,6250.0,fr-fr,https://www.cartier.com/fr-fr/product/CRWSBB0030,https://www.cartier.com/fr-fr/product/CRWSBB0030
2026,CRW2SA0037,W2SA0037,CRW2SA0037,Montre Santos-Dumont,Santos de Cartier,Santos,EUR,7200.0,7200.0,fr-fr,https://www.cartier.com/fr-fr/product/CRW2SA0037,https://www.cartier.com/fr-fr/product/CRW2SA0037
2026,CRWSSA0039,WSSA0039,CRWSSA0039,Montre Santos de Cartier,Santos de Cartier,Santos,EUR,9500.0,9500.0,fr-fr,https://www.cartier.com/fr-fr/product/CRWSSA0039,https://www.cartier.com/fr-fr/product/CRWSSA0039
2026,CRWSTA0108,WSTA0108,CRWSTA0108,Montre Tank Must de Cartier,Tank,Tank,EUR,3900.0,3900.0,fr-fr,https://www.cartier.com/fr-fr/product/CRWSTA0108,https://www.cartier.com/fr-fr/product/CRWSTA0108
2026,CRWSTA0138,WSTA0138,CRWSTA0138,Montre Tank Must de Cartier,Tank,Tank,EUR,3750.0,3750.0,fr-fr,https://www.cartier.com/fr-fr/product/CRWSTA0138,https://www.cartier.com/fr-fr/product/CRWSTA0138
2026,CRW2SA0034,W2SA0034,CRW2SA0034,Montre Santos-Dumont,Santos de Cartier,Santos,EUR,10500.0,10500.0,fr-fr,https://www.cartier.com/fr-fr/product/CRW2SA0034,https://www.cartier.com/fr-fr/product/CRW2SA0034
2026,CRWSBB0028,WSBB0028,CRWSBB0028,Montre Ballon Bleu de Cartier,Ballon Bleu de Cartier,Ballon Bleu,EUR,6550.0,6550.0,fr-fr,https://www.cartier.com/fr-fr/product/CRWSBB0028,https://www.cartier.com/fr-fr/product/CRWSBB0028
2026,CRWSSA0018,WSSA0018,CRWSSA0018,Montre Santos de Cartier,Santos de Cartier,Santos,EUR,8900.0,8900.0,fr-fr,https://www.cartier.com/fr-fr/product/CRWSSA0018,https://www.cartier.com/fr-fr/product/CRWSSA0018
2026,CRWSSA0085,WSSA0085,CRWSSA0085,Montre Santos-Dumont,Santos de Cartier,Santos,EUR,5000.0,5000.0,fr-fr,https://www.cartier.com/fr-fr/product/CRWSSA0085,https://www.cartier.com/fr-fr/product/CRWSSA0085
2026,CRWSSA0061,WSSA0061,CRWSSA0061,Montre Santos de Cartier,Santos de Cartier,Santos,EUR,8100.0,8100.0,fr-fr,https://www.cartier.com/fr-fr/product/CRWSSA0061,https://www.cartier.com/fr-fr/product/CRWSSA0061
2026,CRWJBA0042,WJBA0042,CRWJBA0042,Montre Baignoire,Baignoire,Other,EUR,29400.0,29400.0,fr-fr,https://www.cartier.com/fr-fr/product/CRWJBA0042,https://www.cartier.com/fr-fr/product/CRWJBA0042
2026,CRWGTA0341,WGTA0341,CRWGTA0341,Montre Tank Américaine,Tank,Tank,EUR,9150.0,9150.0,fr-fr,https://www.cartier.com/fr-fr/product/CRWGTA0341,https://www.cartier.com/fr-fr/product/CRWGTA0341
2026,CRWSBB0068,WSBB0068,CRWSBB0068,Montre Ballon Bleu de Cartier,Ballon Bleu de Cartier,Ballon Bleu,EUR,6700.0,6700.0,fr-fr,https://www.cartier.com/fr-fr/product/CRWSBB0068,https://www.cartier.com/fr-fr/product/CRWSBB0068
2026,CRWJTA0057,WJTA0057,CRWJTA0057,Montre Tank Américaine,Tank,Tank,EUR,29900.0,29900.0,fr-fr,https://www.cartier.com/fr-fr/product/CRWJTA0057,https://www.cartier.com/fr-fr/product/CRWJTA0057
2026,CRWSTA0113,WSTA0113,CRWSTA0113,Montre Tank Must de Cartier,Tank,Tank,EUR,3900.0,3900.0,fr-fr,https://www.cartier.com/fr-fr/product/CRWSTA0113,https://www.cartier.com/fr-fr/product/CRWSTA0113
2026,CRWSTA0141,WSTA0141,CRWSTA0141,Montre Tank Must de Cartier,Tank,Tank,EUR,5400.0,5400.0,fr-fr,https://www.cartier.com/fr-fr/product/CRWSTA0141,https://www.cartier.com/fr-fr/product/CRWSTA0141
2026,CRWSBB0026,WSBB0026,CRWSBB0026,Montre Ballon Bleu de Cartier,Ballon Bleu de Cartier,Ballon Bleu,EUR,7600.0,7600.0,fr-fr,https://www.cartier.com/fr-fr/product/CRWSBB0026,https://www.cartier.com/fr-fr/product/CRWSBB0026
2026,CRWJBA0006,WJBA0006,CRWJBA0006,Montre Baignoire Allongée,Baignoire,Other,EUR,47300.0,47300.0,fr-fr,https://www.cartier.com/fr-fr/product/CRWJBA0006,https://www.cartier.com/fr-fr/product/CRWJBA0006
2026,CRWSBB0048,WSBB0048,CRWSBB0048,Montre Ballon Bleu de Cartier,Ballon Bleu de Cartier,Ballon Bleu,EUR,7150.0,7150.0,fr-fr,https://www.cartier.com/fr-fr/product/CRWSBB0048,https://www.cartier.com/fr-fr/product/CRWSBB0048
2026,CRWSTA0083,WSTA0083,CRWSTA0083,Montre Tank Américaine,Tank,Tank,EUR,6750.0,6750.0,fr-fr,https://www.cartier.com/fr-fr/product/CRWSTA0083,https://www.cartier.com/fr-fr/product/CRWSTA0083
2026,CRWSSA0032,WSSA0032,CRWSSA0032,Montre Santos-Dumont,Santos de Cartier,Santos,EUR,7450.0,7450.0,fr-fr,https://www.cartier.com/fr-fr/product/CRWSSA0032,https://www.cartier.com/fr-fr/product/CRWSSA0032
2026,CRW4PN0018,W4PN0018,CRW4PN0018,Montre Panthère de Cartier,Panthère de Cartier,Panthère,EUR,10500.0,10500.0,fr-fr,https://www.cartier.com/fr-fr/product/CRW4PN0018,https://www.cartier.com/fr-fr/product/CRW4PN0018
2026,CRWGMC0005,WGMC0005,CRWGMC0005,Montre Reflection de Cartier,Reflection de Cartier,Other,EUR,,,fr-fr,https://www.cartier.com/fr-fr/product/CRWGMC0005,https://www.cartier.com/fr-fr/product/CRWGMC0005
2026,CRW2PN0016,W2PN0016,CRW2PN0016,Montre Panthère de Cartier,Panthère de Cartier,Panthère,EUR,11800.0,11800.0,fr-fr,https://www.cartier.com/fr-fr/product/CRW2PN0016,https://www.cartier.com/fr-fr/product/CRW2PN0016
2026,CRW4TA0029,W4TA0029,CRW4TA0029,Montre Tank Française,Tank,Tank,EUR,9200.0,9200.0,fr-fr,https://www.cartier.com/fr-fr/product/CRW4TA0029,https://www.cartier.com/fr-fr/product/CRW4TA0029
2026,CRW4SA0005,W4SA0005,CRW4SA0005,Montre Santos de Cartier,Santos de Cartier,Santos,EUR,15200.0,15200.0,fr-fr,https://www.cartier.com/fr-fr/product/CRW4SA0005,https://www.cartier.com/fr-fr/product/CRW4SA0005
2026,CRW2BB0038,W2BB0038,CRW2BB0038,Montre Ballon Bleu de Cartier,Ballon Bleu de Cartier,Ballon Bleu,EUR,11900.0,11900.0,fr-fr,https://www.cartier.com/fr-fr/product/CRW2BB0038,https://www.cartier.com/fr-fr/product/CRW2BB0038
2026,CRWJTA0067,WJTA0067,CRWJTA0067,Montre Tank Américaine,Tank,Tank,EUR,45000.0,45000.0,fr-fr,https://www.cartier.com/fr-fr/product/CRWJTA0067,https://www.cartier.com/fr-fr/product/CRWJTA0067
2026,CRW4TA0028,W4TA0028,CRW4TA0028,Montre Tank Française,Tank,Tank,EUR,10600.0,10600.0,fr-fr,https://www.cartier.com/fr-fr/product/CRW4TA0028,https://www.cartier.com/fr-fr/product/CRW4TA0028
2026,CRWGPN0060,WGPN0060,CRWGPN0060,Montre Panthère de Cartier,Panthère de Cartier,Panthère,EUR,26600.0,26600.0,fr-fr,https://www.cartier.com/fr-fr/product/CRWGPN0060,https://www.cartier.com/fr-fr/product/CRWGPN0060
2026,CRWGBA0042,WGBA0042,CRWGBA0042,Montre Baignoire,Baignoire,Other,EUR,12900.0,12900.0,fr-fr,https://www.cartier.com/fr-fr/product/CRWGBA0042,https://www.cartier.com/fr-fr/product/CRWGBA0042
2026,CRWGPN0059,WGPN0059,CRWGPN0059,Montre Panthère de Cartier,Panthère de Cartier,Panthère,EUR,26600.0,26600.0,fr-fr,https://www.cartier.com/fr-fr/product/CRWGPN0059,https://www.cartier.com/fr-fr/product/CRWGPN0059
2026,CRW2BB0032,W2BB0032,CRW2BB0032,Montre Ballon Bleu de Cartier,Ballon Bleu de Cartier,Ballon Bleu,EUR,10700.0,10700.0,fr-fr,https://www.cartier.com/fr-fr/product/CRW2BB0032,https://www.cartier.com/fr-fr/product/CRW2BB0032
2026,CRWJBA0047,WJBA0047,CRWJBA0047,Montre Baignoire,Baignoire,Other,EUR,40800.0,40800.0,fr-fr,https://www.cartier.com/fr-fr/product/CRWJBA0047,https://www.cartier.com/fr-fr/product/CRWJBA0047
2026,CRWJBA0007,WJBA0007,CRWJBA0007,Montre Baignoire Allongée,Baignoire,Other,EUR,50500.0,50500.0,fr-fr,https://www.cartier.com/fr-fr/product/CRWJBA0007,https://www.cartier.com/fr-fr/product/CRWJBA0007
2026,CRWGSA0117,WGSA0117,CRWGSA0117,Montre Santos-Dumont,Santos de Cartier,Santos,EUR,12600.0,12600.0,fr-fr,https://www.cartier.com/fr-fr/product/CRWGSA0117,https://www.cartier.com/fr-fr/product/CRWGSA0117
2026,CRWGTA0340,WGTA0340,CRWGTA0340,Montre Tank Américaine,Tank,Tank,EUR,13000.0,13000.0,fr-fr,https://www.cartier.com/fr-fr/product/CRWGTA0340,https://www.cartier.com/fr-fr/product/CRWGTA0340
2026,CRWGTA0356,WGTA0356,CRWGTA0356,Montre Tank Américaine,Tank,Tank,EUR,13000.0,13000.0,fr-fr,https://www.cartier.com/fr-fr/product/CRWGTA0356,https://www.cartier.com/fr-fr/product/CRWGTA0356
2026,CRHPI01773,HPI01773,CRHPI01773,Montre Baignoire,Baignoire,Other,EUR,62500.0,62500.0,fr-fr,https://www.cartier.com/fr-fr/product/CRHPI01773,https://www.cartier.com/fr-fr/product/CRHPI01773
2026,CRWJTA0060,WJTA0060,CRWJTA0060,Montre Tank Américaine,Tank,Tank,EUR,68500.0,68500.0,fr-fr,https://www.cartier.com/fr-fr/product/CRWJTA0060,https://www.cartier.com/fr-fr/product/CRWJTA0060
2026,CRHPI01701,HPI01701,CRHPI01701,Montre Baignoire,Baignoire,Other,EUR,84000.0,84000.0,fr-fr,https://www.cartier.com/fr-fr/product/CRHPI01701,https://www.cartier.com/fr-fr/product/CRHPI01701
2026,CRW2SA0036,W2SA0036,CRW2SA0036,Montre Santos-Dumont,Santos de Cartier,Santos,EUR,7200.0,7200.0,fr-fr,https://www.cartier.com/fr-fr/product/CRW2SA0036,https://www.cartier.com/fr-fr/product/CRW2SA0036
2026,CRWSSA0046,WSSA0046,CRWSSA0046,Montre Santos-Dumont,Santos de Cartier,Santos,EUR,8400.0,8400.0,fr-fr,https://www.cartier.com/fr-fr/product/CRWSSA0046,https://www.cartier.com/fr-fr/product/CRWSSA0046
2026,CRWSBB0073,WSBB0073,CRWSBB0073,Montre Ballon Bleu de Cartier,Ballon Bleu de Cartier,Ballon Bleu,EUR,5500.0,5500.0,fr-fr,https://www.cartier.com/fr-fr/product/CRWSBB0073,https://www.cartier.com/fr-fr/product/CRWSBB0073
2026,CRW4TA0030,W4TA0030,CRW4TA0030,Montre Tank Must de Cartier,Tank,Tank,EUR,7400.0,7400.0,fr-fr,https://www.cartier.com/fr-fr/product/CRW4TA0030,https://www.cartier.com/fr-fr/product/CRW4TA0030
2026,CRWSBB0049,WSBB0049,CRWSBB0049,Montre Ballon Bleu de Cartier,Ballon Bleu de Cartier,Ballon Bleu,EUR,8050.0,8050.0,fr-fr,https://www.cartier.com/fr-fr/product/CRWSBB0049,https://www.cartier.com/fr-fr/product/CRWSBB0049
2026,CRW4BB0037,W4BB0037,CRW4BB0037,Montre Ballon Bleu de Cartier,Ballon Bleu de Cartier,Ballon Bleu,EUR,12900.0,12900.0,fr-fr,https://www.cartier.com/fr-fr/product/CRW4BB0037,https://www.cartier.com/fr-fr/product/CRW4BB0037
2026,CRW4BB0023,W4BB0023,CRW4BB0023,Montre Ballon Bleu de Cartier,Ballon Bleu de Cartier,Ballon Bleu,EUR,12900.0,12900.0,fr-fr,https://www.cartier.com/fr-fr/product/CRW4BB0023,https://www.cartier.com/fr-fr/product/CRW4BB0023
2026,CRW4BB0035,W4BB0035,CRW4BB0035,Montre Ballon Bleu de Cartier,Ballon Bleu de Cartier,Ballon Bleu,EUR,14900.0,14900.0,fr-fr,https://www.cartier.com/fr-fr/product/CRW4BB0035,https://www.cartier.com/fr-fr/product/CRW4BB0035
2026,CRWHSA0015,WHSA0015,CRWHSA0015,Montre squelette Santos de Cartier,Santos de Cartier,Santos,EUR,32900.0,32900.0,fr-fr,https://www.cartier.com/fr-fr/product/CRWHSA0015,https://www.cartier.com/fr-fr/product/CRWHSA0015
2026,CRWHSA0032,WHSA0032,CRWHSA0032,Montre squelette Santos-Dumont équipée d’un micro-rotor,Santos de Cartier,Santos,EUR,33500.0,33500.0,fr-fr,https://www.cartier.com/fr-fr/product/CRWHSA0032,https://www.cartier.com/fr-fr/product/CRWHSA0032
2026,CRWHSA0028,WHSA0028,CRWHSA0028,Montre squelette Santos de Cartier,Santos de Cartier,Santos,EUR,34100.0,34100.0,fr-fr,https://www.cartier.com/fr-fr/product/CRWHSA0028,https://www.cartier.com/fr-fr/product/CRWHSA0028
2026,CRWHSA0026,WHSA0026,CRWHSA0026,Montre squelette Santos de Cartier,Santos de Cartier,Santos,EUR,34100.0,34100.0,fr-fr,https://www.cartier.com/fr-fr/product/CRWHSA0026,https://www.cartier.com/fr-fr/product/CRWHSA0026
2026,CRWHSA0044,WHSA0044,CRWHSA0044,Montre squelette Santos-Dumont équipée d’un micro-rotor,Santos de Cartier,Santos,EUR,34700.0,34700.0,fr-fr,https://www.cartier.com/fr-fr/product/CRWHSA0044,https://www.cartier.com/fr-fr/product/CRWHSA0044
2026,CRW2SA0030,W2SA0030,CRW2SA0030,Montre Santos de Cartier,Santos de Cartier,Santos,EUR,13500.0,13500.0,fr-fr,https://www.cartier.com/fr-fr/product/CRW2SA0030,https://www.cartier.com/fr-fr/product/CRW2SA0030
2026,CRW3SA0007,W3SA0007,CRW3SA0007,Montre Santos de Cartier,Santos de Cartier,Santos,EUR,19000.0,19000.0,fr-fr,https://www.cartier.com/fr-fr/product/CRW3SA0007,https://www.cartier.com/fr-fr/product/CRW3SA0007
2026,CRWHSA0019,WHSA0019,CRWHSA0019,Montre squelette Santos de Cartier,Santos de Cartier,Santos,EUR,38200.0,38200.0,fr-fr,https://www.cartier.com/fr-fr/product/CRWHSA0019,https://www.cartier.com/fr-fr/product/CRWHSA0019
2026,CRWGTA0269,WGTA0269,CRWGTA0269,Montre Tank Louis Cartier,Tank,Tank,EUR,14000.0,14000.0,fr-fr,https://www.cartier.com/fr-fr/product/CRWGTA0269,https://www.cartier.com/fr-fr/product/CRWGTA0269
2026,CRWGTA0091,WGTA0091,CRWGTA0091,Montre Tank Louis Cartier,Tank,Tank,EUR,14600.0,14600.0,fr-fr,https://www.cartier.com/fr-fr/product/CRWGTA0091,https://www.cartier.com/fr-fr/product/CRWGTA0091
2026,CRWGSA0115,WGSA0115,CRWGSA0115,Montre Santos-Dumont,Santos de Cartier,Santos,EUR,14600.0,14600.0,fr-fr,https://www.cartier.com/fr-fr/product/CRWGSA0115,https://www.cartier.com/fr-fr/product/CRWGSA0115
2026,CRWGBA0078,WGBA0078,CRWGBA0078,Montre Baignoire,Baignoire,Other,EUR,15900.0,15900.0,fr-fr,https://www.cartier.com/fr-fr/product/CRWGBA0078,https://www.cartier.com/fr-fr/product/CRWGBA0078
2026,CRWGBA0077,WGBA0077,CRWGBA0077,Montre Baignoire,Baignoire,Other,EUR,15900.0,15900.0,fr-fr,https://www.cartier.com/fr-fr/product/CRWGBA0077,https://www.cartier.com/fr-fr/product/CRWGBA0077
2026,CRWGSA0097,WGSA0097,CRWGSA0097,Montre Santos-Dumont,Santos de Cartier,Santos,EUR,17400.0,17400.0,fr-fr,https://www.cartier.com/fr-fr/product/CRWGSA0097,https://www.cartier.com/fr-fr/product/CRWGSA0097
2026,CRWGTA0300,WGTA0300,CRWGTA0300,Montre Tank Américaine,Tank,Tank,EUR,18800.0,18800.0,fr-fr,https://www.cartier.com/fr-fr/product/CRWGTA0300,https://www.cartier.com/fr-fr/product/CRWGTA0300
2026,CRWGSA0108,WGSA0108,CRWGSA0108,Montre Santos-Dumont,Santos de Cartier,Santos,EUR,18800.0,18800.0,fr-fr,https://www.cartier.com/fr-fr/product/CRWGSA0108,https://www.cartier.com/fr-fr/product/CRWGSA0108
2026,CRWGSA0111,WGSA0111,CRWGSA0111,Montre Santos-Dumont,Santos de Cartier,Santos,EUR,19400.0,19400.0,fr-fr,https://www.cartier.com/fr-fr/product/CRWGSA0111,https://www.cartier.com/fr-fr/product/CRWGSA0111
2026,CRWJBA0054,WJBA0054,CRWJBA0054,Montre Baignoire,Baignoire,Other,EUR,21400.0,21400.0,fr-fr,https://www.cartier.com/fr-fr/product/CRWJBA0054,https://www.cartier.com/fr-fr/product/CRWJBA0054
2026,CRWGPN0048,WGPN0048,CRWGPN0048,Montre Panthère de Cartier,Panthère de Cartier,Panthère,EUR,23400.0,23400.0,fr-fr,https://www.cartier.com/fr-fr/product/CRWGPN0048,https://www.cartier.com/fr-fr/product/CRWGPN0048
2026,CRWGTA0405,WGTA0405,CRWGTA0405,Montre Tank Américaine,Tank,Tank,EUR,23700.0,23700.0,fr-fr,https://www.cartier.com/fr-fr/product/CRWGTA0405,https://www.cartier.com/fr-fr/product/CRWGTA0405
2026,CRWGTA0406,WGTA0406,CRWGTA0406,Montre Tank Américaine,Tank,Tank,EUR,28100.0,28100.0,fr-fr,https://www.cartier.com/fr-fr/product/CRWGTA0406,https://www.cartier.com/fr-fr/product/CRWGTA0406
2026,CRWGTA0345,WGTA0345,CRWGTA0345,Montre Tank Française,Tank,Tank,EUR,29900.0,29900.0,fr-fr,https://www.cartier.com/fr-fr/product/CRWGTA0345,https://www.cartier.com/fr-fr/product/CRWGTA0345
2026,CRWGPN0058,WGPN0058,CRWGPN0058,Montre Panthère de Cartier,Panthère de Cartier,Panthère,EUR,30500.0,30500.0,fr-fr,https://www.cartier.com/fr-fr/product/CRWGPN0058,https://www.cartier.com/fr-fr/product/CRWGPN0058
2026,CRWJPN0086,WJPN0086,CRWJPN0086,Montre Panthère De Cartier PM,Panthère de Cartier,Panthère,EUR,30800.0,30800.0,fr-fr,https://www.cartier.com/fr-fr/product/CRWJPN0086,https://www.cartier.com/fr-fr/product/CRWJPN0086
2026,CRWJPN0057,WJPN0057,CRWJPN0057,Montre Panthère De Cartier PM,Panthère de Cartier,Panthère,EUR,31700.0,31700.0,fr-fr,https://www.cartier.com/fr-fr/product/CRWJPN0057,https://www.cartier.com/fr-fr/product/CRWJPN0057
2026,CRWJBA0048,WJBA0048,CRWJBA0048,Montre Baignoire,Baignoire,Other,EUR,31800.0,31800.0,fr-fr,https://www.cartier.com/fr-fr/product/CRWJBA0048,https://www.cartier.com/fr-fr/product/CRWJBA0048
2026,CRWJPN0094,WJPN0094,CRWJPN0094,Montre Panthère de Cartier,Panthère de Cartier,Panthère,EUR,32200.0,32200.0,fr-fr,https://www.cartier.com/fr-fr/product/CRWJPN0094,https://www.cartier.com/fr-fr/product/CRWJPN0094
2026,CRWGSA0107,WGSA0107,CRWGSA0107,Montre Santos de Cartier,Santos de Cartier,Santos,EUR,33300.0,33300.0,fr-fr,https://www.cartier.com/fr-fr/product/CRWGSA0107,https://www.cartier.com/fr-fr/product/CRWGSA0107
2026,CRWGPN0051,WGPN0051,CRWGPN0051,Montre Panthère de Cartier,Panthère de Cartier,Panthère,EUR,33500.0,33500.0,fr-fr,https://www.cartier.com/fr-fr/product/CRWGPN0051,https://www.cartier.com/fr-fr/product/CRWGPN0051
2026,CRWJPN0085,WJPN0085,CRWJPN0085,Montre Panthère de Cartier,Panthère de Cartier,Panthère,EUR,35900.0,35900.0,fr-fr,https://www.cartier.com/fr-fr/product/CRWJPN0085,https://www.cartier.com/fr-fr/product/CRWJPN0085
2026,CRWJPN0090,WJPN0090,CRWJPN0090,Montre Panthère de Cartier,Panthère de Cartier,Panthère,EUR,36200.0,36200.0,fr-fr,https://www.cartier.com/fr-fr/product/CRWJPN0090,https://www.cartier.com/fr-fr/product/CRWJPN0090
2026,CRWJBB0086,WJBB0086,CRWJBB0086,Montre Ballon Bleu de Cartier,Ballon Bleu de Cartier,Ballon Bleu,EUR,30200.0,30200.0,fr-fr,https://www.cartier.com/fr-fr/product/CRWJBB0086,https://www.cartier.com/fr-fr/product/CRWJBB0086
2026,CRWJTA0061,WJTA0061,CRWJTA0061,Montre Tank Française,Tank,Tank,EUR,36500.0,36500.0,fr-fr,https://www.cartier.com/fr-fr/product/CRWJTA0061,https://www.cartier.com/fr-fr/product/CRWJTA0061
2026,CRWGSA0030,WGSA0030,CRWGSA0030,Montre Santos de Cartier,Santos de Cartier,Santos,EUR,38400.0,38400.0,fr-fr,https://www.cartier.com/fr-fr/product/CRWGSA0030,https://www.cartier.com/fr-fr/product/CRWGSA0030
2026,CRWGPN0046,WGPN0046,CRWGPN0046,Montre Panthère De Cartier PM,Panthère de Cartier,Panthère,EUR,42200.0,42200.0,fr-fr,https://www.cartier.com/fr-fr/product/CRWGPN0046,https://www.cartier.com/fr-fr/product/CRWGPN0046
2026,CRHPI01689,HPI01689,CRHPI01689,Montre Tressage,Tressage,Other,EUR,43200.0,43200.0,fr-fr,https://www.cartier.com/fr-fr/product/CRHPI01689,https://www.cartier.com/fr-fr/product/CRHPI01689
2026,CRWGMC0003,WGMC0003,CRWGMC0003,Montre Reflection de Cartier (Taille 15),Reflection de Cartier,Other,EUR,43400.0,43400.0,fr-fr,https://www.cartier.com/fr-fr/product/CRWGMC0003,https://www.cartier.com/fr-fr/product/CRWGMC0003
2026,CRWGSA0095,WGSA0095,CRWGSA0095,Montre Santos de Cartier,Santos de Cartier,Santos,EUR,43600.0,43600.0,fr-fr,https://www.cartier.com/fr-fr/product/CRWGSA0095,https://www.cartier.com/fr-fr/product/CRWGSA0095
2026,CRWGSA0029,WGSA0029,CRWGSA0029,Montre Santos de Cartier,Santos de Cartier,Santos,EUR,43600.0,43600.0,fr-fr,https://www.cartier.com/fr-fr/product/CRWGSA0029,https://www.cartier.com/fr-fr/product/CRWGSA0029
2026,CRWJPN0059,WJPN0059,CRWJPN0059,Montre Panthère de Cartier,Panthère de Cartier,Panthère,EUR,48300.0,48300.0,fr-fr,https://www.cartier.com/fr-fr/product/CRWJPN0059,https://www.cartier.com/fr-fr/product/CRWJPN0059
2026,CRHPI01380,HPI01380,CRHPI01380,Montre La Panthère de Cartier,La Panthère de Cartier,Panthère,EUR,51000.0,51000.0,fr-fr,https://www.cartier.com/fr-fr/product/CRHPI01380,https://www.cartier.com/fr-fr/product/CRHPI01380
2026,CRWJPN0060,WJPN0060,CRWJPN0060,Montre Panthère de Cartier,Panthère de Cartier,Panthère,EUR,58500.0,58500.0,fr-fr,https://www.cartier.com/fr-fr/product/CRWJPN0060,https://www.cartier.com/fr-fr/product/CRWJPN0060
2026,CRHPI01526,HPI01526,CRHPI01526,Montre La Panthère de Cartier,La Panthère de Cartier,Panthère,EUR,64000.0,64000.0,fr-fr,https://www.cartier.com/fr-fr/product/CRHPI01526,https://www.cartier.com/fr-fr/product/CRHPI01526
2026,CRWJCS0009,WJCS0009,CRWJCS0009,Montre Coussin de Cartier,Coussin de Cartier,Other,EUR,71500.0,71500.0,fr-fr,https://www.cartier.com/fr-fr/product/CRWJCS0009,https://www.cartier.com/fr-fr/product/CRWJCS0009
2026,CRHPI01537,HPI01537,CRHPI01537,Montre La Panthère de Cartier,La Panthère de Cartier,Panthère,EUR,72000.0,72000.0,fr-fr,https://www.cartier.com/fr-fr/product/CRHPI01537,https://www.cartier.com/fr-fr/product/CRHPI01537
2026,CRHPI01441,HPI01441,CRHPI01441,Montre La Panthère de Cartier,La Panthère de Cartier,Panthère,EUR,89000.0,89000.0,fr-fr,https://www.cartier.com/fr-fr/product/CRHPI01441,https://www.cartier.com/fr-fr/product/CRHPI01441
2026,CRHPI01359,HPI01359,CRHPI01359,Montre Joaillière Panthère,Panthère Jewelry Watches,Panthère,EUR,150000.0,150000.0,fr-fr,https://www.cartier.com/fr-fr/product/CRHPI01359,https://www.cartier.com/fr-fr/product/CRHPI01359
2026,CRWGSA0116,WGSA0116,CRWGSA0116,Montre Santos-Dumont,Santos de Cartier,Santos,EUR,14600.0,14600.0,fr-fr,https://www.cartier.com/fr-fr/product/CRWGSA0116,https://www.cartier.com/fr-fr/product/CRWGSA0116
2026,CRWGBA0081,WGBA0081,CRWGBA0081,Montre Baignoire,Baignoire,Other,EUR,15900.0,15900.0,fr-fr,https://www.cartier.com/fr-fr/product/CRWGBA0081,https://www.cartier.com/fr-fr/product/CRWGBA0081
2026,CRWGBA0080,WGBA0080,CRWGBA0080,Montre Baignoire,Baignoire,Other,EUR,15900.0,15900.0,fr-fr,https://www.cartier.com/fr-fr/product/CRWGBA0080,https://www.cartier.com/fr-fr/product/CRWGBA0080
2026,CRWGBB0052,WGBB0052,CRWGBB0052,Montre Ballon Bleu de Cartier,Ballon Bleu de Cartier,Ballon Bleu,EUR,16800.0,16800.0,fr-fr,https://www.cartier.com/fr-fr/product/CRWGBB0052,https://www.cartier.com/fr-fr/product/CRWGBB0052
2026,CRWGSA0098,WGSA0098,CRWGSA0098,Montre Santos-Dumont,Santos de Cartier,Santos,EUR,17400.0,17400.0,fr-fr,https://www.cartier.com/fr-fr/product/CRWGSA0098,https://www.cartier.com/fr-fr/product/CRWGSA0098
2026,CRWGSA0028,WGSA0028,CRWGSA0028,Montre Santos de Cartier,Santos de Cartier,Santos,EUR,18600.0,18600.0,fr-fr,https://www.cartier.com/fr-fr/product/CRWGSA0028,https://www.cartier.com/fr-fr/product/CRWGSA0028
2026,CRWGTA0134,WGTA0134,CRWGTA0134,Montre Tank Américaine,Tank,Tank,EUR,18800.0,18800.0,fr-fr,https://www.cartier.com/fr-fr/product/CRWGTA0134,https://www.cartier.com/fr-fr/product/CRWGTA0134
2026,CRWGSA0112,WGSA0112,CRWGSA0112,Montre Santos-Dumont,Santos de Cartier,Santos,EUR,19400.0,19400.0,fr-fr,https://www.cartier.com/fr-fr/product/CRWGSA0112,https://www.cartier.com/fr-fr/product/CRWGSA0112
2026,CRWJBA0053,WJBA0053,CRWJBA0053,Montre Baignoire,Baignoire,Other,EUR,21400.0,21400.0,fr-fr,https://www.cartier.com/fr-fr/product/CRWJBA0053,https://www.cartier.com/fr-fr/product/CRWJBA0053
2026,CRWJTA0059,WJTA0059,CRWJTA0059,Montre Tank Américaine,Tank,Tank,EUR,22200.0,22200.0,fr-fr,https://www.cartier.com/fr-fr/product/CRWJTA0059,https://www.cartier.com/fr-fr/product/CRWJTA0059
2026,CRWGSA0019,WGSA0019,CRWGSA0019,Montre Santos de Cartier,Santos de Cartier,Santos,EUR,22400.0,22400.0,fr-fr,https://www.cartier.com/fr-fr/product/CRWGSA0019,https://www.cartier.com/fr-fr/product/CRWGSA0019
2026,CRWJTA0037,WJTA0037,CRWJTA0037,Montre Tank Louis Cartier,Tank,Tank,EUR,22500.0,22500.0,fr-fr,https://www.cartier.com/fr-fr/product/CRWJTA0037,https://www.cartier.com/fr-fr/product/CRWJTA0037
2026,CRWJBB0080,WJBB0080,CRWJBB0080,Montre Ballon Bleu de Cartier,Ballon Bleu de Cartier,Ballon Bleu,EUR,26200.0,26200.0,fr-fr,https://www.cartier.com/fr-fr/product/CRWJBB0080,https://www.cartier.com/fr-fr/product/CRWJBB0080
2026,CRWGPN0061,WGPN0061,CRWGPN0061,Montre Panthère de Cartier,Panthère de Cartier,Panthère,EUR,30500.0,30500.0,fr-fr,https://www.cartier.com/fr-fr/product/CRWGPN0061,https://www.cartier.com/fr-fr/product/CRWGPN0061
2026,CRWJPN0087,WJPN0087,CRWJPN0087,Montre Panthère De Cartier PM,Panthère de Cartier,Panthère,EUR,30800.0,30800.0,fr-fr,https://www.cartier.com/fr-fr/product/CRWJPN0087,https://www.cartier.com/fr-fr/product/CRWJPN0087
2026,CRWJPN0058,WJPN0058,CRWJPN0058,Montre Panthère De Cartier PM,Panthère de Cartier,Panthère,EUR,31700.0,31700.0,fr-fr,https://www.cartier.com/fr-fr/product/CRWJPN0058,https://www.cartier.com/fr-fr/product/CRWJPN0058
2026,CRWJPN0091,WJPN0091,CRWJPN0091,Montre Panthère De Cartier PM,Panthère de Cartier,Panthère,EUR,32200.0,32200.0,fr-fr,https://www.cartier.com/fr-fr/product/CRWJPN0091,https://www.cartier.com/fr-fr/product/CRWJPN0091
2026,CRWJTA0056,WJTA0056,CRWJTA0056,Montre Tank Américaine,Tank,Tank,EUR,35300.0,35300.0,fr-fr,https://www.cartier.com/fr-fr/product/CRWJTA0056,https://www.cartier.com/fr-fr/product/CRWJTA0056
2026,CRWJPN0088,WJPN0088,CRWJPN0088,Montre Panthère de Cartier,Panthère de Cartier,Panthère,EUR,35900.0,35900.0,fr-fr,https://www.cartier.com/fr-fr/product/CRWJPN0088,https://www.cartier.com/fr-fr/product/CRWJPN0088
2026,CRWJPN0092,WJPN0092,CRWJPN0092,Montre Panthère de Cartier,Panthère de Cartier,Panthère,EUR,37700.0,37700.0,fr-fr,https://www.cartier.com/fr-fr/product/CRWJPN0092,https://www.cartier.com/fr-fr/product/CRWJPN0092
2026,CRWJPN0063,WJPN0063,CRWJPN0063,Montre Panthère de Cartier,Panthère de Cartier,Panthère,EUR,38000.0,38000.0,fr-fr,https://www.cartier.com/fr-fr/product/CRWJPN0063,https://www.cartier.com/fr-fr/product/CRWJPN0063
2026,CRWGSA0018,WGSA0018,CRWGSA0018,Montre Santos de Cartier,Santos de Cartier,Santos,EUR,43600.0,43600.0,fr-fr,https://www.cartier.com/fr-fr/product/CRWGSA0018,https://www.cartier.com/fr-fr/product/CRWGSA0018
2026,CRWHSA0030,WHSA0030,CRWHSA0030,Montre squelette Santos-Dumont équipée d’un micro-rotor,Santos de Cartier,Santos,EUR,43700.0,43700.0,fr-fr,https://www.cartier.com/fr-fr/product/CRWHSA0030,https://www.cartier.com/fr-fr/product/CRWHSA0030
2026,CRWJPN0069,WJPN0069,CRWJPN0069,Montre Panthère De Cartier PM,Panthère de Cartier,Panthère,EUR,46100.0,46100.0,fr-fr,https://www.cartier.com/fr-fr/product/CRWJPN0069,https://www.cartier.com/fr-fr/product/CRWJPN0069
2026,CRWJPN0061,WJPN0061,CRWJPN0061,Montre Panthère de Cartier,Panthère de Cartier,Panthère,EUR,48300.0,48300.0,fr-fr,https://www.cartier.com/fr-fr/product/CRWJPN0061,https://www.cartier.com/fr-fr/product/CRWJPN0061
2026,CRHPI01381,HPI01381,CRHPI01381,Montre La Panthère de Cartier,La Panthère de Cartier,Panthère,EUR,51000.0,51000.0,fr-fr,https://www.cartier.com/fr-fr/product/CRHPI01381,https://www.cartier.com/fr-fr/product/CRHPI01381
2026,CRHPI01538,HPI01538,CRHPI01538,Montre La Panthère de Cartier,La Panthère de Cartier,Panthère,EUR,72000.0,72000.0,fr-fr,https://www.cartier.com/fr-fr/product/CRHPI01538,https://www.cartier.com/fr-fr/product/CRHPI01538
2026,CRWJPN0062,WJPN0062,CRWJPN0062,Montre Panthère de Cartier,Panthère de Cartier,Panthère,EUR,75000.0,75000.0,fr-fr,https://www.cartier.com/fr-fr/product/CRWJPN0062,https://www.cartier.com/fr-fr/product/CRWJPN0062
2026,CRWHSA0016,WHSA0016,CRWHSA0016,Montre squelette Santos de Cartier,Santos de Cartier,Santos,EUR,76000.0,76000.0,fr-fr,https://www.cartier.com/fr-fr/product/CRWHSA0016,https://www.cartier.com/fr-fr/product/CRWHSA0016
2026,CRHPI01442,HPI01442,CRHPI01442,Montre La Panthère de Cartier,La Panthère de Cartier,Panthère,EUR,89000.0,89000.0,fr-fr,https://www.cartier.com/fr-fr/product/CRHPI01442,https://www.cartier.com/fr-fr/product/CRHPI01442
2026,CRHPI01698,HPI01698,CRHPI01698,Montre Panthère de Cartier,Panthère de Cartier,Panthère,EUR,162000.0,162000.0,fr-fr,https://www.cartier.com/fr-fr/product/CRHPI01698,https://www.cartier.com/fr-fr/product/CRHPI01698
2026,CRW3BB0021,W3BB0021,CRW3BB0021,Montre Ballon Bleu de Cartier,Ballon Bleu de Cartier,Ballon Bleu,EUR,12900.0,12900.0,fr-fr,https://www.cartier.com/fr-fr/product/CRW3BB0021,https://www.cartier.com/fr-fr/product/CRW3BB0021
2026,CRW3BB0023,W3BB0023,CRW3BB0023,Montre Ballon Bleu de Cartier,Ballon Bleu de Cartier,Ballon Bleu,EUR,18400.0,18400.0,fr-fr,https://www.cartier.com/fr-fr/product/CRW3BB0023,https://www.cartier.com/fr-fr/product/CRW3BB0023
2026,CRWJBA0050,WJBA0050,CRWJBA0050,Montre Baignoire,Baignoire,Other,EUR,22200.0,22200.0,fr-fr,https://www.cartier.com/fr-fr/product/CRWJBA0050,https://www.cartier.com/fr-fr/product/CRWJBA0050
2026,CRWGSA0096,WGSA0096,CRWGSA0096,Montre Santos-Dumont,Santos de Cartier,Santos,EUR,24400.0,24400.0,fr-fr,https://www.cartier.com/fr-fr/product/CRWGSA0096,https://www.cartier.com/fr-fr/product/CRWGSA0096
2026,CRWGTA0296,WGTA0296,CRWGTA0296,Montre Tank Américaine,Tank,Tank,EUR,26200.0,26200.0,fr-fr,https://www.cartier.com/fr-fr/product/CRWGTA0296,https://www.cartier.com/fr-fr/product/CRWGTA0296
2026,CRWGTA0297,WGTA0297,CRWGTA0297,Montre Tank Américaine,Tank,Tank,EUR,26400.0,26400.0,fr-fr,https://www.cartier.com/fr-fr/product/CRWGTA0297,https://www.cartier.com/fr-fr/product/CRWGTA0297
2026,CRWHSA0009,WHSA0009,CRWHSA0009,Montre squelette Santos de Cartier,Santos de Cartier,Santos,EUR,32900.0,32900.0,fr-fr,https://www.cartier.com/fr-fr/product/CRWHSA0009,https://www.cartier.com/fr-fr/product/CRWHSA0009
2026,CRWJBA0049,WJBA0049,CRWJBA0049,Montre Baignoire,Baignoire,Other,EUR,33600.0,33600.0,fr-fr,https://www.cartier.com/fr-fr/product/CRWJBA0049,https://www.cartier.com/fr-fr/product/CRWJBA0049
2026,CRWHSA0027,WHSA0027,CRWHSA0027,Montre squelette Santos de Cartier,Santos de Cartier,Santos,EUR,34100.0,34100.0,fr-fr,https://www.cartier.com/fr-fr/product/CRWHSA0027,https://www.cartier.com/fr-fr/product/CRWHSA0027
2026,CRWJPN0070,WJPN0070,CRWJPN0070,Montre Panthère de Cartier,Panthère de Cartier,Panthère,EUR,36500.0,36500.0,fr-fr,https://www.cartier.com/fr-fr/product/CRWJPN0070,https://www.cartier.com/fr-fr/product/CRWJPN0070
2026,CRWJBA0046,WJBA0046,CRWJBA0046,Montre Baignoire,Baignoire,Other,EUR,43200.0,43200.0,fr-fr,https://www.cartier.com/fr-fr/product/CRWJBA0046,https://www.cartier.com/fr-fr/product/CRWJBA0046
2026,CRWJSA0014,WJSA0014,CRWJSA0014,Montre Santos de Cartier,Santos de Cartier,Santos,EUR,49700.0,49700.0,fr-fr,https://www.cartier.com/fr-fr/product/CRWJSA0014,https://www.cartier.com/fr-fr/product/CRWJSA0014
2026,CRWJTA0068,WJTA0068,CRWJTA0068,Montre Tank Américaine,Tank,Tank,EUR,54000.0,54000.0,fr-fr,https://www.cartier.com/fr-fr/product/CRWJTA0068,https://www.cartier.com/fr-fr/product/CRWJTA0068
2026,CRWJBA0060,WJBA0060,CRWJBA0060,Montre Baignoire,Baignoire,Other,EUR,72000.0,72000.0,fr-fr,https://www.cartier.com/fr-fr/product/CRWJBA0060,https://www.cartier.com/fr-fr/product/CRWJBA0060
2026,CRHPI01690,HPI01690,CRHPI01690,Montre Tressage,Tressage,Other,EUR,82000.0,82000.0,fr-fr,https://www.cartier.com/fr-fr/product/CRHPI01690,https://www.cartier.com/fr-fr/product/CRHPI01690
2026,CRHPI01719,HPI01719,CRHPI01719,Montre Panthère de Cartier,Panthère de Cartier,Panthère,EUR,91000.0,91000.0,fr-fr,https://www.cartier.com/fr-fr/product/CRHPI01719,https://www.cartier.com/fr-fr/product/CRHPI01719
2026,CRHPI01693,HPI01693,CRHPI01693,Montre Tressage,Tressage,Other,EUR,132000.0,132000.0,fr-fr,https://www.cartier.com/fr-fr/product/CRHPI01693,https://www.cartier.com/fr-fr/product/CRHPI01693
2026,CRHPI01722,HPI01722,CRHPI01722,Montre Panthère de Cartier,Panthère de Cartier,Panthère,EUR,144000.0,144000.0,fr-fr,https://www.cartier.com/fr-fr/product/CRHPI01722,https://www.cartier.com/fr-fr/product/CRHPI01722
2026,CRHPI01691,HPI01691,CRHPI01691,Montre Tressage,Tressage,Other,EUR,144000.0,144000.0,fr-fr,https://www.cartier.com/fr-fr/product/CRHPI01691,https://www.cartier.com/fr-fr/product/CRHPI01691
2026,CRHPI01358,HPI01358,CRHPI01358,Montre Joaillière Panthère,Panthère Jewelry Watches,Panthère,EUR,161000.0,161000.0,fr-fr,https://www.cartier.com/fr-fr/product/CRHPI01358,https://www.cartier.com/fr-fr/product/CRHPI01358
2026,CRHPI01775,HPI01775,CRHPI01775,Montre Joaillière Panthère,Panthère Jewelry Watches,Panthère,EUR,240000.0,240000.0,fr-fr,https://www.cartier.com/fr-fr/product/CRHPI01775,https://www.cartier.com/fr-fr/product/CRHPI01775
2026,CRHPI01774,HPI01774,CRHPI01774,Montre Joaillière Panthère,Panthère Jewelry Watches,Panthère,EUR,252000.0,252000.0,fr-fr,https://www.cartier.com/fr-fr/product/CRHPI01774,https://www.cartier.com/fr-fr/product/CRHPI01774
2026,CRHPI01776,HPI01776,CRHPI01776,Montre Joaillière Panthère,Panthère Jewelry Watches,Panthère,EUR,266000.0,266000.0,fr-fr,https://www.cartier.com/fr-fr/product/CRHPI01776,https://www.cartier.com/fr-fr/product/CRHPI01776
